agent_id,name,email,phone
1,Jessica Johnson,willieferrell@example.com,834-724-7715x3830
2,Troy Conner,courtneyortiz@example.org,658.507.6203x5589
3,Jessica Novak,garciabryan@example.org,+1-413-942-3458x10099
4,Daniel Washington,alvinsalazar@example.net,372-880-3304x942
5,Adam Walsh,torresmichael@example.com,(751)906-8305x124
6,Benjamin Johnson,gabriella81@example.net,+1-359-859-9553x367
7,Brandon Larsen,hillwilliam@example.com,5263170757
8,James Rangel,davisryan@example.org,448-498-9857x281
9,Anthony Sharp,kathy28@example.com,(954)324-4790
10,Veronica Bishop,millerteresa@example.com,285.265.1194
11,Shirley Miles,lwright@example.com,001-281-575-3843x8841
12,Logan Soto,leekylie@example.com,891.558.5343x6213
13,David Bradley,bobbyrobles@example.com,001-280-833-9620x65766
14,Tyler Mosley,lesliesimpson@example.com,572-357-5299x0197
15,Brian Avery,andrea49@example.org,(796)433-4569x943
16,Mr. Robert Owens,rollinskelly@example.com,001-786-416-0073x9727
17,Mr. Jonathon Robinson,riverarichard@example.com,663-534-4085
18,Mary Flores,dominguezthomas@example.com,001-343-844-4260
19,Allison Robertson,victor85@example.net,001-609-601-7813x10953
20,Marcia Miller,holly96@example.net,001-890-373-8397x8463
